<PAMDataset>
  <PAMRasterBand band="1">
    <Histograms>
      <HistItem>
        <HistMin>-0.3645287454128265</HistMin>
        <HistMax>35.67313003540039</HistMax>
        <BucketCount>256</BucketCount>
        <IncludeOutOfRange>1</IncludeOutOfRange>
        <Approximate>0</Approximate>
        <HistCounts>2|1|1|2|2|1|0|0|2|0|1|0|0|2|0|4|2|1|1|0|0|0|0|2|1|3|1|0|1|1|1|0|0|0|0|0|0|0|0|0|0|2|0|1|1|0|2|2|0|3|2|0|1|0|1|0|3|0|0|0|0|0|0|0|0|0|3|1|1|0|1|2|0|0|0|0|0|0|2|0|2|2|0|3|2|0|0|1|0|1|3|3|1|1|0|0|0|2|1|0|1|0|2|1|2|1|2|0|1|1|1|1|0|0|0|1|1|1|0|0|0|0|0|0|0|1|0|1|0|2|1|1|0|1|1|0|0|0|0|1|0|0|0|0|0|0|1|0|0|0|0|0|0|1|0|0|0|2|0|0|1|2|0|0|0|1|1|0|1|0|0|2|0|1|0|0|1|1|1|2|1|0|0|0|1|0|0|0|0|0|0|0|0|0|0|0|1|1|0|0|0|1|1|0|0|0|0|0|0|0|0|0|2|0|0|0|0|0|0|0|0|0|1|0|0|0|0|0|0|1|0|0|1|1|0|0|1|0|0|0|2|0|0|1|0|0|0|0|0|0|1|0|0|0|0|1</HistCounts>
      </HistItem>
    </Histograms>
    <Metadata>
      <MDI key="STATISTICS_COVARIANCES">92.44491368482566</MDI>
      <MDI key="STATISTICS_EXCLUDEDVALUES"></MDI>
      <MDI key="STATISTICS_MAXIMUM">35.6731300354</MDI>
      <MDI key="STATISTICS_MEAN">13.369280912477</MDI>
      <MDI key="STATISTICS_MEDIAN">12.213321</MDI>
      <MDI key="STATISTICS_MINIMUM">-0.36452874541283</MDI>
      <MDI key="STATISTICS_SKIPFACTORX">1</MDI>
      <MDI key="STATISTICS_SKIPFACTORY">1</MDI>
      <MDI key="STATISTICS_STDDEV">9.6148278031812</MDI>
    </Metadata>
  </PAMRasterBand>
</PAMDataset>
