<PAMDataset>
  <Metadata>
    <MDI key="DataType">Generic</MDI>
  </Metadata>
  <PAMRasterBand band="1">
    <Histograms>
      <HistItem>
        <HistMin>-37.78342437744141</HistMin>
        <HistMax>139.6643371582031</HistMax>
        <BucketCount>256</BucketCount>
        <IncludeOutOfRange>1</IncludeOutOfRange>
        <Approximate>0</Approximate>
        <HistCounts>1|0|0|0|0|0|0|0|0|0|0|0|0|0|0|0|0|0|1|0|0|0|0|0|0|0|0|0|0|0|0|0|0|0|0|0|0|0|0|0|0|0|0|0|0|0|1|0|1|2|2|0|0|0|1|1|1|0|2|2|3|0|3|2|3|9|22|375|579|508|657|747|611|732|1128|771|1187|834|2670|2202|2154|1723|2461|1414|990|682|699|812|881|877|1149|1056|1034|1005|1058|820|1092|949|936|1052|880|723|930|852|804|1212|962|882|907|958|638|718|711|595|479|429|320|413|293|159|131|90|165|188|97|49|47|42|24|21|17|10|8|15|15|7|5|6|18|25|25|21|31|18|44|24|202|154|83|71|34|7|18|17|16|5|3|2|3|0|3|20|28|169|54|37|25|36|52|13|8|1|13|15|5|7|88|76|15|8|29|4|6|2|0|5|0|2|31|2|10|4|2|0|1|16|17|31|3|1|1|2|3|4|2|17|0|2|2|1|1|3|1|1|9|20|3|4|2|2|2|23|20|68|14|8|13|7|10|12|35|18|3|7|9|10|1|7|2|0|0|0|0|1|0|0|0|0|0|0|0|0|0|0|0|1</HistCounts>
      </HistItem>
    </Histograms>
    <Metadata>
      <MDI key="RepresentationType">ATHEMATIC</MDI>
      <MDI key="STATISTICS_COVARIANCES">218.6814564112205</MDI>
      <MDI key="STATISTICS_EXCLUDEDVALUES"></MDI>
      <MDI key="STATISTICS_MAXIMUM">139.6643371582</MDI>
      <MDI key="STATISTICS_MEAN">27.859577488405</MDI>
      <MDI key="STATISTICS_MEDIAN">24.845197</MDI>
      <MDI key="STATISTICS_MINIMUM">-37.783424377441</MDI>
      <MDI key="STATISTICS_SKIPFACTORX">1</MDI>
      <MDI key="STATISTICS_SKIPFACTORY">1</MDI>
      <MDI key="STATISTICS_STDDEV">14.787882079974</MDI>
    </Metadata>
  </PAMRasterBand>
</PAMDataset>
