<?xml version="1.0" encoding="utf-8"?>
    <TileMap version="1.0.0" tilemapservice="http://tms.osgeo.org/1.0.0">
      <Title>output.tif</Title>
      <Abstract></Abstract>
      <SRS>EPSG:3857</SRS>
      <BoundingBox minx="113.96850326658725" miny="29.97720221031896" maxx="115.03127749275990" maxy="31.02374350987637"/>
      <Origin x="113.96850326658725" y="29.97720221031896"/>
      <TileFormat width="256" height="256" mime-type="image/png" extension="png"/>
      <TileSets profile="mercator">
        <TileSet href="8" units-per-pixel="611.49622617187504" order="8"/>
        <TileSet href="9" units-per-pixel="305.74811308593752" order="9"/>
        <TileSet href="10" units-per-pixel="152.87405654296876" order="10"/>
      </TileSets>
    </TileMap>
    